City_ID,City,Lat,Lng,Max Temp,Humidity,Cloudiness,Wind Speed,Country,Date
0,necochea,-38.5473,-58.7368,10.02,69,100,7.45,AR,1686586222
1,zhalantun,48.0,122.7167,16.3,72,60,1.69,CN,1686586679
2,lebu,-37.6167,-73.65,9.38,69,2,7.75,CL,1686586637
3,nguti,5.3299,9.4185,25.27,92,78,1.06,CM,1686586679
4,bilibino,68.0546,166.4372,10.83,94,100,1.33,RU,1686586634
5,island harbour,50.724,-1.2758,24.04,83,23,2.59,GB,1686586679
6,badiyah,22.45,58.8,33.79,37,100,5.6,OM,1686586679
7,yellowknife,62.456,-114.3525,5.31,75,75,4.63,CA,1686586398
8,revda,56.801,59.9303,10.25,55,100,2.31,RU,1686586679
9,guerrero negro,27.9769,-114.0611,18.79,68,4,6.8,MX,1686586648
10,magadan,59.5667,150.8,5.55,96,98,2.05,RU,1686586680
11,waitangi,-43.9535,-176.5597,9.34,76,100,9.47,NZ,1686586634
12,monrovia,6.3005,-10.7969,28.87,89,100,3.67,LR,1686586680
13,tura,25.5198,90.2201,24.33,92,16,2.37,IN,1686586666
14,port mathurin,-19.6833,63.4167,24.91,70,7,8.58,MU,1686586635
15,reggane,26.7158,0.1714,43.95,5,0,7.01,DZ,1686586680
16,hawaiian paradise park,19.5933,-154.9731,21.69,96,100,0.0,US,1686586639
17,haiku-pauwela,20.9219,-156.3051,23.91,72,0,4.12,US,1686586647
18,happy valley-goose bay,53.3168,-60.3315,19.17,48,40,1.54,CA,1686586680
19,college,64.8569,-147.8028,13.97,56,75,5.14,US,1686586680
20,tubarjal,30.4999,38.216,33.08,14,0,7.3,SA,1686586680
21,port-aux-francais,-49.35,70.2167,6.11,91,100,12.42,TF,1686586634
22,labrador city,52.9463,-66.9114,18.95,26,40,4.63,CA,1686586664
23,cabo san lucas,22.8909,-109.9124,33.17,23,0,3.09,MX,1686586579
24,cova figueira,14.8905,-24.2934,24.38,65,40,6.75,CV,1686586682
25,port elizabeth,-33.918,25.5701,15.17,71,0,9.77,ZA,1686586634
26,spring creek,40.7266,-115.5859,14.11,62,48,1.35,US,1686586682
27,punta arenas,-53.15,-70.9167,7.01,75,20,11.32,CL,1686586636
28,papatowai,-46.5619,169.4708,9.98,90,85,4.42,NZ,1686586637
29,kasempa,-13.4584,25.8338,22.13,33,31,0.73,ZM,1686586683
30,atafu village,-8.5421,-172.5159,28.33,76,24,6.12,TK,1686586649
31,alaghsas,17.0187,8.0168,38.94,35,40,4.12,NE,1686586684
32,taoudenni,22.6783,-3.9836,43.08,7,4,4.1,ML,1686586684
33,edinburgh of the seven seas,-37.0676,-12.3116,17.06,87,100,17.57,SH,1686586634
34,bredasdorp,-34.5322,20.0403,12.12,74,84,7.56,ZA,1686586640
35,blackmans bay,-43.0167,147.3167,8.74,80,91,3.01,AU,1686586638
36,ouadda,8.0777,22.4007,25.48,76,76,2.66,CF,1686586684
37,olonkinbyen,70.9221,-8.7187,1.04,86,38,4.56,SJ,1686586638
38,bethel,41.3712,-73.414,24.47,77,75,3.6,US,1686586401
39,selfoss,63.9331,-20.9971,12.25,62,100,3.82,IS,1686586665
40,dunedin,-45.8742,170.5036,9.89,83,93,2.24,NZ,1686586670
41,northam,51.0333,-4.2167,18.55,87,81,3.79,GB,1686586685
42,hafar al-batin,28.4328,45.9708,41.32,11,0,3.09,SA,1686586685
43,jhelum,32.9331,73.7264,37.86,24,0,1.7,PK,1686586219
44,yuzhno-kurilsk,44.0306,145.8556,10.73,99,65,3.55,RU,1686586644
45,tiksi,71.6872,128.8694,0.16,89,70,2.64,RU,1686586637
46,dombivli,19.2167,73.0833,30.97,66,63,6.74,IN,1686586685
47,ancud,-41.8697,-73.8203,7.42,74,0,2.79,CL,1686586592
48,pandan,14.0453,124.1694,27.74,81,98,3.64,PH,1686586685
49,adamstown,-25.066,-130.1015,20.14,62,36,3.57,PN,1686586686
50,mount gambier,-37.8333,140.7667,10.8,78,98,4.37,AU,1686586686
51,puerto natales,-51.7236,-72.4875,7.25,53,40,5.14,CL,1686586637
52,invercargill,-46.4,168.35,10.13,89,93,3.66,NZ,1686586637
53,voinjama,8.4219,-9.7478,25.84,78,89,2.37,LR,1686586686
54,udachny,66.4167,112.4,8.43,52,38,3.62,RU,1686586640
55,grytviken,-54.2811,-36.5092,-2.25,86,100,4.02,GS,1686586637
56,albany,42.6001,-73.9662,27.18,66,100,1.79,US,1686586637
57,port blair,11.6667,92.75,26.02,94,75,4.63,IN,1686586687
58,deir ez-zor,35.3359,40.1408,33.43,18,1,4.52,SY,1686586687
59,juneau,58.3019,-134.4197,10.23,95,75,5.14,US,1686586687
60,longyearbyen,78.2186,15.6401,2.91,75,100,4.12,SJ,1686586636
61,talnakh,69.4865,88.3972,8.07,96,100,3.87,RU,1686586343
62,pontevedra,42.431,-8.6444,21.5,72,89,1.96,ES,1686586687
63,dolores,-36.3132,-57.6792,10.27,61,5,5.38,AR,1686586641
64,vorgashor,67.5833,63.95,6.84,46,82,5.93,RU,1686586669
65,tekeli,44.83,78.8239,17.59,42,67,4.16,KZ,1686586687
66,el nido,11.1858,119.3956,28.12,79,100,2.31,PH,1686586687
67,ribeira grande,38.5167,-28.7,21.22,88,75,6.69,PT,1686586644
68,la foa,-21.7108,165.8276,18.97,69,7,1.66,NC,1686586641
69,santana,-0.0583,-51.1817,32.1,70,40,3.09,BR,1686586687
70,sola,-13.8833,167.55,26.73,76,74,7.6,VU,1686586688
71,gafsa,34.425,8.7842,34.12,33,40,3.6,TN,1686586688
72,margaret river,-33.95,115.0667,14.44,80,42,5.03,AU,1686586649
73,palikir - national government center,6.9248,158.1611,27.41,83,100,3.09,FM,1686586688
74,arno,60.1167,18.6333,13.21,35,15,6.55,SE,1686586688
75,ilulissat,69.2167,-51.1,3.01,87,100,4.12,GL,1686586637
76,petropavlovsk-kamchatsky,53.0452,158.6483,7.33,81,0,4.0,RU,1686586644
77,tra mhor,52.1624,-7.1524,20.1,70,40,2.57,IE,1686586688
78,itoman,26.1247,127.6694,26.43,96,75,5.66,JP,1686586688
79,isafjordur,66.0755,-23.124,14.02,51,20,6.69,IS,1686586650
80,ushuaia,-54.8,-68.3,6.79,81,40,18.01,AR,1686586404
81,bridgewater,44.3835,-64.5155,27.79,44,82,4.12,CA,1686586688
82,lompoc,34.6391,-120.4579,17.23,72,100,0.89,US,1686586639
83,whitehorse,60.7161,-135.0538,13.34,61,78,4.47,CA,1686586120
84,codrington,-38.2667,141.9667,12.53,63,93,8.75,AU,1686586688
85,patnongon,10.9132,121.9937,26.9,84,93,1.8,PH,1686586689
86,ulladulla,-35.35,150.4667,11.42,68,46,2.22,AU,1686586689
87,beloyarskiy,63.7119,66.6722,8.54,52,36,3.07,RU,1686586689
88,nikolayevsk-on-amure,53.1406,140.73,8.51,97,100,1.06,RU,1686586689
89,saudarkrokur,65.7461,-19.6394,16.16,46,98,2.61,IS,1686586650
90,bikenibeu village,1.3673,173.1241,27.98,83,40,2.57,KI,1686586640
91,mount pearl,47.5166,-52.7813,8.86,89,100,8.23,CA,1686586689
92,verdal,63.7933,11.4817,21.02,60,6,5.45,NO,1686586689
93,nogliki,51.8333,143.1667,4.72,99,100,2.13,RU,1686586690
94,yanbu,24.0891,38.0637,35.02,36,0,7.72,SA,1686586574
95,codo,-4.4553,-43.8856,33.34,42,13,2.58,BR,1686586690
96,freetown,8.484,-13.2299,27.08,80,89,3.07,SL,1686586690
97,yamada,39.4667,141.95,16.41,97,100,1.52,JP,1686586665
98,iqaluit,63.7506,-68.5145,1.85,69,75,7.2,CA,1686586640
99,vilyuchinsk,52.9306,158.4028,8.15,67,0,3.81,RU,1686586668
100,zeya,53.75,127.2667,16.42,91,89,1.19,RU,1686586690
101,tartagal,-22.5164,-63.8013,11.62,33,100,3.14,AR,1686586690
102,thompson,55.7435,-97.8558,12.09,82,75,4.12,CA,1686586652
103,goba,7.0167,39.9833,11.89,85,82,0.77,ET,1686586577
104,crane,31.3974,-102.3501,32.43,27,0,5.87,US,1686586690
105,lerwick,60.1545,-1.1494,16.0,87,100,1.37,GB,1686586691
106,hithadhoo,-0.6,73.0833,28.87,72,62,2.85,MV,1686586647
107,katsuura,35.1333,140.3,21.48,93,96,2.23,JP,1686586691
108,ladario,-19.0047,-57.6017,14.16,82,100,5.14,BR,1686586691
109,ghanzi,-21.5667,21.7833,17.73,19,0,4.5,BW,1686586691
110,palmer,42.1584,-72.3287,26.91,54,75,6.69,US,1686586691
111,kourou,5.1552,-52.6478,28.03,69,38,3.91,GF,1686586691
112,avarua,-21.2078,-159.775,21.03,100,100,0.51,CK,1686586448
113,basco,20.4487,121.9702,27.6,87,100,13.01,PH,1686586691
114,isfahan,32.6572,51.6776,30.8,14,54,4.11,IR,1686586691
115,labytnangi,66.6572,66.4183,8.38,44,2,4.99,RU,1686586691
116,klyuchi,52.2667,79.1667,19.54,62,52,3.32,RU,1686586647
117,jamestown,42.097,-79.2353,19.77,78,100,4.63,US,1686586402
118,giyani,-23.3025,30.7187,23.28,28,7,3.2,ZA,1686586592
119,nantucket,41.2835,-70.0995,23.03,89,0,4.12,US,1686586692
120,twin falls,42.3505,-114.6445,17.19,63,75,2.57,US,1686586692
121,la passe,45.5549,-0.8967,20.13,87,100,4.69,FR,1686586649
122,gidole,5.65,37.3667,16.31,73,94,0.45,ET,1686586692
123,champerico,14.3,-91.9167,32.3,69,80,3.11,GT,1686586692
124,karema,-6.8205,30.4389,23.92,68,10,1.48,TZ,1686586692
125,primero de mayo,-32.2552,-58.4228,13.08,30,0,4.96,AR,1686586692
126,holualoa,19.6228,-155.9522,21.39,87,40,1.54,US,1686586692
127,taroa,8.7058,171.2275,28.07,76,88,9.18,MH,1686586692
128,afaahiti,-17.75,-149.2833,21.93,79,90,7.57,PF,1686586636
129,general conesa,-40.1,-64.4333,10.6,34,0,3.66,AR,1686586692
130,whangarei,-35.7317,174.3239,9.94,90,13,2.45,NZ,1686586693
131,tromso,69.6496,18.957,13.54,58,75,9.77,NO,1686586654
132,jalai nur,49.45,117.7,20.71,41,82,3.03,CN,1686586693
133,namibe,-15.1961,12.1522,20.26,62,9,4.38,AO,1686586640
134,vila franca do campo,37.7167,-25.4333,19.23,95,100,6.37,PT,1686586693
135,keflavik,64.0049,-22.5624,10.24,71,75,4.63,IS,1686586654
136,aasiaat,68.7098,-52.8699,1.22,76,32,13.87,GL,1686586640
137,tela,15.7833,-87.45,32.97,66,20,5.14,HN,1686586693
138,hamilton,39.1834,-84.5333,18.35,86,100,5.14,US,1686586639
139,usinsk,65.9939,57.5281,9.63,55,91,5.39,RU,1686586693
140,stanley,54.868,-1.6985,23.74,61,0,2.57,GB,1686586693
141,homer,59.6425,-151.5483,8.91,74,40,2.68,US,1686586606
142,new norfolk,-42.7826,147.0587,9.4,81,77,1.15,AU,1686586693
143,kailua-kona,19.6406,-155.9956,23.46,86,40,1.54,US,1686586693
144,bubaque,11.2833,-15.8333,27.64,79,82,4.59,GW,1686586662
145,cascais,38.6979,-9.4215,25.9,84,75,5.81,PT,1686586694
146,ubari,26.5921,12.7805,38.11,12,0,6.86,LY,1686586694
147,machico,32.7,-16.7667,22.85,78,75,4.12,PT,1686586694
148,robore,-18.3333,-59.75,11.05,100,100,0.0,BO,1686586694
149,bac lieu,9.285,105.7244,28.43,81,100,4.38,VN,1686586694
150,seminole,28.7086,-81.2081,33.97,64,40,5.14,US,1686586624
151,brak,27.5496,14.2714,37.01,16,0,7.34,LY,1686586694
152,faya-largeau,17.9257,19.1043,41.15,16,0,2.86,TD,1686586694
153,kodiak,57.79,-152.4072,8.73,66,0,4.12,US,1686586642
154,sidhi,24.4167,81.8833,37.23,23,61,1.81,IN,1686586335
155,am timan,11.0297,20.2827,24.25,90,88,4.83,TD,1686586694
156,padang,-0.9492,100.3543,27.03,90,54,2.05,ID,1686586178
157,west island,-12.1568,96.8225,26.99,83,75,9.73,CC,1686586639
158,dauphin,51.1494,-100.0502,25.08,41,0,5.14,CA,1686586325
159,praia da vitoria,38.7333,-27.0667,21.14,94,75,7.03,PT,1686586695
160,genhe,50.7833,121.5167,14.99,78,73,0.66,CN,1686586695
161,georgetown,5.4112,100.3354,30.53,78,20,3.6,MY,1686586573
162,kyren,51.6828,102.1408,14.55,96,100,1.95,RU,1686586695
163,antonio enes,-16.2325,39.9086,23.3,76,1,2.83,MZ,1686586695
164,inverell,-29.7833,151.1167,6.17,89,13,0.45,AU,1686586695
165,catemaco,18.4167,-95.1167,32.52,52,26,0.47,MX,1686586695
166,puerto baquerizo moreno,-0.9,-89.6,25.55,94,75,5.66,EC,1686586638
167,raduzhny,62.0961,77.475,3.07,94,100,7.23,RU,1686586695
168,mirnyy,62.5353,113.9611,6.8,56,0,0.89,RU,1686586695
169,constantia,44.1833,28.65,22.61,64,70,6.57,RO,1686586641
170,kapuskasing,49.4169,-82.4331,17.05,59,100,2.06,CA,1686586667
171,masuguru,-11.3667,38.4167,25.14,39,9,1.11,TZ,1686586695
172,banda aceh,5.5577,95.3222,27.15,81,13,4.87,ID,1686586695
173,nadym,65.5333,72.5167,4.5,77,100,8.88,RU,1686586646
174,hilo,19.7297,-155.09,24.6,98,100,1.34,US,1686586561
175,egilsstadir,65.2653,-14.3948,15.95,44,0,9.26,IS,1686586653
176,jizzax,40.1158,67.8422,27.49,35,98,3.99,UZ,1686586696
177,ola,59.5833,151.2833,5.73,97,100,2.79,RU,1686586696
178,komusan il-tong,42.1092,129.7,13.56,94,99,1.27,KP,1686586696
179,forster,-32.1667,152.5167,9.1,99,59,2.69,AU,1686586696
180,hasaki,35.7333,140.8333,20.68,96,90,4.08,JP,1686586696
181,mili,6.0815,171.735,28.35,79,100,8.52,MH,1686586524
182,mitu,1.1983,-70.1733,31.93,51,57,1.42,CO,1686586664
183,richards bay,-28.783,32.0377,21.75,64,80,8.19,ZA,1686586641
184,kattivakkam,13.2167,80.3167,32.26,78,94,7.54,IN,1686586696
185,malango,-2.9627,119.9001,19.3,98,91,0.64,ID,1686586696
186,badger,64.8,-147.5333,13.93,58,40,5.14,US,1686586648
187,carahue,-38.7,-73.1667,8.16,69,12,1.24,CL,1686586591
188,narvik,68.4384,17.4272,11.32,80,100,2.22,NO,1686586697
189,lockwood,45.8191,-108.4149,20.35,72,40,1.54,US,1686586557
190,qaqortoq,60.7167,-46.0333,9.04,56,96,2.88,GL,1686586644
191,fortuna,40.5982,-124.1573,12.59,93,100,1.54,US,1686586665
192,east london,-33.0153,27.9116,14.52,77,0,7.2,ZA,1686586256
193,yaren,-0.5472,166.916,28.28,76,92,3.7,NR,1686586697
194,mayya,61.7333,130.2811,6.62,55,100,4.66,RU,1686586697
195,bubanza,-3.1167,29.4,23.11,75,61,0.68,BI,1686586697
196,kerouane,9.2667,-9.0167,26.44,82,99,2.05,GN,1686586697
197,magistral'nyy,56.1725,107.4458,9.21,68,73,3.81,RU,1686586697
198,aral,40.5156,81.2636,31.6,17,67,13.44,CN,1686586697
199,tazovsky,67.4667,78.7,1.58,98,100,5.49,RU,1686586641
200,tazacorte,28.629,-17.9293,22.54,78,75,3.6,ES,1686586659
201,port-cartier,50.0334,-66.8654,24.12,48,14,2.12,CA,1686586698
202,anadyr,64.75,177.4833,7.28,75,20,2.0,RU,1686586639
203,puerto ayora,-0.7393,-90.3518,30.98,90,100,3.58,EC,1686586636
204,christchurch,-43.5333,172.6333,5.53,94,20,1.03,NZ,1686586277
205,yatou,37.15,122.3833,16.59,82,11,1.62,CN,1686586698
206,san antonio de pale,-1.4014,5.6325,24.89,86,100,2.99,GQ,1686586665
207,nar'yan-mar,67.6713,53.087,15.34,54,100,5.79,RU,1686586698
208,port alfred,-33.5906,26.891,15.1,68,48,3.13,ZA,1686586642
209,nemuro,43.3236,145.575,10.93,99,93,3.27,JP,1686586698
210,balqash,46.8481,74.995,24.1,27,77,7.89,KZ,1686586698
211,buala,-8.145,159.5921,26.55,85,54,1.43,SB,1686586699
212,la ronge,55.1001,-105.2842,23.14,46,100,3.09,CA,1686586660
213,igarka,67.4667,86.5833,8.86,79,99,4.76,RU,1686586648
214,whakatane,-37.9585,176.9854,5.28,97,1,4.31,NZ,1686586699
215,colonia,50.9333,6.95,30.23,27,0,4.12,DE,1686586640
216,nuuk,64.1835,-51.7216,3.34,93,100,12.35,GL,1686586699
217,myeik,12.4333,98.6,26.54,89,100,4.47,MM,1686586699
218,lihue,21.9789,-159.3672,22.77,91,75,5.66,US,1686586538
219,tralee,52.2704,-9.7026,20.14,68,40,3.09,IE,1686586653
220,yuanping,38.7153,112.7575,17.84,34,9,2.05,CN,1686586699
221,punta alta,-38.8759,-62.0736,10.6,48,2,5.83,AR,1686586593
222,laibin,23.7,109.2667,27.11,75,25,3.09,CN,1686586699
223,brokopondo,4.75,-55.1667,29.5,65,9,0.45,SR,1686586699
224,salalah,17.0151,54.0924,30.05,89,75,4.63,OM,1686586700
225,urucui,-7.2294,-44.5561,35.57,28,0,4.21,BR,1686586700
226,phan thiet,10.9333,108.1,26.04,89,100,3.87,VN,1686586700
227,grand falls-windsor,48.9332,-55.6649,8.61,90,100,1.34,CA,1686586554
228,ishigaki,24.3448,124.1572,25.07,100,75,1.54,JP,1686586700
229,st. john's,47.5649,-52.7093,9.32,89,100,8.23,CA,1686586592
230,kristiansund,63.1115,7.732,18.03,67,75,3.09,NO,1686586647
231,ujae,8.9322,165.7642,28.56,76,74,8.92,MH,1686586700
232,kingston,17.997,-76.7936,32.91,64,20,10.29,JM,1686586700
233,ristiina,61.5058,27.2464,22.06,24,7,2.45,FI,1686586700
234,coahuayana de hidalgo,18.7,-103.6583,32.02,47,13,2.15,MX,1686586700
235,ponta delgada,37.7333,-25.6667,19.4,94,75,5.14,PT,1686586647
236,diawara,15.022,-12.5437,41.57,17,76,1.78,SN,1686586700
237,portland,45.5234,-122.6762,22.53,71,20,2.06,US,1686586324
238,hotan,37.0997,79.9269,31.0,14,43,3.29,CN,1686586700
239,saint-philippe,-21.3585,55.7679,23.77,83,36,2.57,RE,1686586645
240,conceicao do coite,-11.5639,-39.2828,29.17,40,47,4.49,BR,1686586701
241,kagizman,40.1567,43.1342,18.15,65,93,1.77,TR,1686586701
242,condoto,5.0935,-76.6497,31.32,65,59,1.44,CO,1686586701
243,sechura,-5.5569,-80.8222,26.43,62,12,5.67,PE,1686586701
244,saipan,15.1355,145.701,28.39,100,40,4.47,MP,1686586653
245,peace river,56.2501,-117.286,17.17,65,0,1.03,CA,1686586627
246,lidzbark warminski,54.1259,20.5795,19.37,42,36,5.81,PL,1686586701
247,korla,41.7597,86.1469,31.68,18,69,9.68,CN,1686586701
248,ohara,35.25,140.3833,21.13,95,95,1.24,JP,1686586701
249,remire-montjoly,4.9167,-52.2667,28.02,83,75,2.57,GF,1686586701
250,broome,42.2506,-75.833,25.1,70,100,5.14,US,1686586701
251,naze,28.3667,129.4833,23.51,88,77,0.67,JP,1686586646
252,manadhoo,5.7667,73.3833,28.79,78,95,8.06,MV,1686586702
253,auki,-8.7676,160.7034,25.45,88,40,1.94,SB,1686586702
254,i-n-salah,27.1935,2.4607,44.36,5,0,6.82,DZ,1686586703
255,arenapolis,-14.4503,-56.8461,29.69,53,8,2.91,BR,1686586703
256,bundaberg north,-24.8551,152.3425,15.12,99,5,0.45,AU,1686586655
257,quezon,7.7303,125.0989,23.09,94,8,0.44,PH,1686586703
258,pisco,-13.7,-76.2167,23.03,56,0,4.12,PE,1686586704
259,waspan,14.7419,-83.9717,30.6,72,87,2.1,NI,1686586704
260,zliten,32.4674,14.5687,23.73,68,0,7.25,LY,1686586704
261,ceeldheer,3.8488,47.1806,26.68,78,71,11.71,SO,1686586642
262,wailua homesteads,22.0669,-159.378,22.44,92,75,5.66,US,1686586645
263,viqueque,-8.8673,126.3658,24.01,78,37,2.13,TL,1686586704
264,siwa oasis,29.2041,25.5195,39.4,15,0,4.83,EG,1686586704
265,toamasina,-18.1667,49.3833,23.0,88,20,0.51,MG,1686586704
266,hadibu,12.65,54.0333,28.66,77,100,7.11,YE,1686586647
267,jawhar,2.7809,45.5005,25.91,74,15,8.45,SO,1686586704
268,moyale,3.5167,39.0584,22.5,46,99,2.45,KE,1686586704
269,sao joao da barra,-21.6403,-41.0511,31.05,60,0,3.79,BR,1686586652
270,natchez,31.5604,-91.4032,29.03,78,100,2.57,US,1686586705
271,tougan,13.0667,-3.0667,36.33,31,87,2.91,BF,1686586705
272,hermanus,-34.4187,19.2345,12.11,74,89,8.7,ZA,1686586650
273,kayyerkan,69.3786,87.7439,8.11,91,98,4.02,RU,1686586705
274,bor,56.3567,44.0669,17.96,55,6,3.47,RU,1686586705
275,namtsy,62.7161,129.6658,5.23,63,99,6.07,RU,1686586650
276,port douglas,-16.4833,145.4667,21.39,84,35,2.3,AU,1686586705
277,kembe,4.6228,21.8865,25.0,83,40,1.71,CF,1686586705
278,dryden,49.7833,-92.7503,23.16,40,0,1.54,CA,1686586705
279,naracoorte,-36.9579,140.7383,10.35,75,99,5.77,AU,1686586705
280,brookings,44.3114,-96.7984,22.25,42,0,2.06,US,1686586705
281,zabol,32.25,67.25,26.32,13,0,4.13,AF,1686586706
282,barra de santo antonio,-9.4047,-35.5072,29.6,75,5,4.31,BR,1686586706
283,eyl,7.9803,49.8164,29.62,60,99,10.21,SO,1686586706
284,mata-utu,-13.2816,-176.1745,27.98,77,41,7.32,WF,1686586706
285,torghay,49.6339,63.4981,26.32,22,61,3.96,KZ,1686586653
286,iskateley,67.6803,53.1512,15.18,54,100,5.75,RU,1686586635
287,port lincoln,-34.7333,135.8667,13.53,68,46,9.25,AU,1686586643
288,peniche,39.3558,-9.3811,24.49,83,87,6.32,PT,1686586706
289,limon,10.0,-83.0333,32.25,74,20,2.06,CR,1686586706
290,mitchell,43.7094,-98.0298,22.28,44,0,2.06,US,1686586706
291,santiago de cao,-7.9589,-79.2392,23.07,73,38,5.66,PE,1686586706
292,cockburn town,21.4612,-71.1419,28.0,85,77,9.72,TC,1686586637
293,arkhangel'sk,64.5401,40.5433,18.78,42,94,2.99,RU,1686586665
294,salinas de hidalgo,22.6333,-101.7167,26.74,28,5,2.22,MX,1686586707
295,kalmunai,7.4167,81.8167,28.64,77,99,2.23,LK,1686586707
296,pratt,37.6439,-98.7376,20.98,60,0,3.6,US,1686586562
297,yeppoon,-23.1333,150.7333,13.88,90,1,2.64,AU,1686586708
298,carnarvon,-24.8667,113.6333,16.88,43,0,8.11,AU,1686586646
299,enewetak,11.3474,162.3373,27.83,80,99,7.94,MH,1686586641
300,cutral-co,-38.9469,-69.2089,9.39,42,0,1.79,AR,1686586640
301,muscat,23.6139,58.5922,38.01,56,100,1.86,OM,1686586149
302,kolokani,13.5728,-8.0339,36.25,31,94,2.83,ML,1686586708
303,zavitinsk,50.1167,129.45,15.32,93,4,2.01,RU,1686586708
304,saldanha,-33.0117,17.9442,14.03,76,77,4.43,ZA,1686586640
305,aldinga beach,-35.2793,138.4604,14.26,80,69,9.33,AU,1686586708
306,urangan,-25.3,152.9,18.07,84,0,2.66,AU,1686586708
307,sheboygan,43.7333,-87.9334,17.21,47,20,4.12,US,1686586709
308,colon,9.3592,-79.9014,27.17,76,77,1.34,PA,1686586709
309,oxelosund,58.6706,17.1015,19.21,37,0,5.66,SE,1686586709
310,palmas,-10.2128,-48.3603,31.93,45,20,3.09,BR,1686586709
311,ko pha ngan,9.7578,100.0291,26.85,73,100,9.02,TH,1686586709
312,hirara,24.8,125.2833,26.15,100,100,3.6,JP,1686586709
313,ugoofaaru,5.6667,73.0,28.73,79,99,8.23,MV,1686586709
314,alo,7.4178,6.7371,28.37,77,75,1.3,NG,1686586709
315,bengkulu,-3.8004,102.2655,25.12,91,19,3.07,ID,1686586709
316,ovalle,-30.5983,-71.2003,14.62,53,0,1.41,CL,1686586709
317,porto novo,6.4965,2.6036,29.9,62,41,4.6,BJ,1686586709
318,lycksele,64.5954,18.6735,24.93,23,20,3.6,SE,1686586710
319,lata,40.1629,-8.3327,23.93,72,99,2.49,PT,1686586710
320,hovd,48.0056,91.6419,20.01,26,69,4.07,MN,1686586710
321,inhambane,-23.865,35.3833,22.99,83,20,6.17,MZ,1686586710
322,nema,57.5067,50.5011,12.6,64,5,0.57,RU,1686586710
323,greenville,35.6127,-77.3663,28.4,71,40,4.63,US,1686586504
324,awjilah,29.1081,21.2869,37.4,17,0,11.4,LY,1686586710
325,colonia menno,-22.3667,-59.8167,12.38,43,100,7.13,PY,1686586710
326,kujang-up,39.8672,126.0303,15.54,98,100,0.92,KP,1686586710
327,rundu,-17.9333,19.7667,23.78,17,9,2.13,NA,1686586710
328,pariaman,-0.619,100.12,27.03,87,46,1.75,ID,1686586710
329,parchim,53.4263,11.8488,26.51,41,23,5.14,DE,1686586710
330,naberera,-4.2,36.9333,19.89,60,75,5.9,TZ,1686586710
331,turkmenbasy,40.0222,52.9552,26.43,50,0,4.12,TM,1686586711
332,regina,50.4501,-104.6178,25.06,44,100,3.6,CA,1686586569
333,carros,43.7894,7.184,23.71,72,75,2.06,FR,1686586711
334,ludwigslust,53.3167,11.5,26.57,33,7,4.32,DE,1686586711
335,turpan,42.9333,89.1667,37.63,17,88,6.07,CN,1686586711
336,la'ie,21.6477,-157.9253,25.98,82,30,0.89,US,1686586636
337,soure,-0.7167,-48.5233,28.73,73,1,3.9,BR,1686586639
338,roswell,34.0232,-84.3616,25.0,83,100,4.12,US,1686586460
339,gadzhiyevo,69.2551,33.3362,17.97,37,100,5.5,RU,1686586644
340,laojunmiao,39.8333,97.7333,20.58,22,43,5.88,CN,1686586711
341,zhezqazghan,47.7833,67.7667,25.37,24,0,4.39,KZ,1686586711
342,mejit,10.2753,170.8646,27.82,80,90,8.73,MH,1686586647
343,margate,51.3813,1.3862,22.15,72,29,2.24,GB,1686586680
344,bryan,30.6744,-96.37,29.91,70,75,5.14,US,1686586328
345,hede,33.7681,120.2517,19.24,79,74,2.65,CN,1686586711
346,el estor,15.5333,-89.35,33.46,48,88,0.87,GT,1686586711
347,kawalu,-7.3817,108.2082,22.66,98,80,0.88,ID,1686586712
348,touros,-5.1989,-35.4608,28.72,67,27,6.19,BR,1686586480
349,lyubim,58.3625,40.6843,17.02,62,21,1.18,RU,1686586712
350,ghormach,35.7306,63.7826,30.17,15,0,2.77,AF,1686586712
351,okhotsk,59.3833,143.3,6.7,95,94,3.79,RU,1686586647
352,barah,13.7,30.3667,36.29,26,9,1.33,SD,1686586712
353,daru,-9.0763,143.2092,25.63,86,100,5.91,PG,1686586647
354,yen vinh,18.6667,105.6667,28.31,74,100,1.61,VN,1686586712
355,klaksvik,62.2266,-6.589,12.51,70,1,1.39,FO,1686586665
356,floro,61.5996,5.0328,17.35,87,75,5.14,NO,1686586654
357,qarauyl,48.9451,79.255,16.94,31,71,3.99,KZ,1686586712
358,kindu,-2.95,25.95,27.34,59,52,1.34,CD,1686586575
359,nanning,22.8167,108.3167,29.25,74,40,2.29,CN,1686586712
360,goleniow,53.5639,14.8285,24.95,29,0,5.66,PL,1686586712
361,kozhevnikovo,56.2589,83.9714,9.27,98,52,1.45,RU,1686586712
362,xuddur,4.1213,43.8894,28.52,35,98,5.71,SO,1686586713
363,terrace,54.5163,-128.6035,18.45,63,75,2.06,CA,1686586713
364,anna regina,7.2644,-58.5077,29.12,67,99,4.77,GY,1686586713
365,kudahuvadhoo,2.6708,72.8944,28.83,77,86,7.01,MV,1686586713
366,hammerfest,70.6634,23.6821,11.25,66,75,5.14,NO,1686586713
367,saynshand,44.8824,110.1163,22.9,23,19,3.66,MN,1686586713
368,severo-yeniseyskiy,60.3725,93.0408,9.11,62,3,2.57,RU,1686586713
369,vernon,50.2581,-119.2691,24.96,52,0,1.03,CA,1686586636
370,akalkot,17.5333,76.2167,32.99,37,100,10.46,IN,1686586713
371,tsiombe,-25.3,45.4833,19.76,87,11,4.21,MG,1686586662
372,chonchi,-42.6128,-73.8092,10.07,77,10,1.87,CL,1686586643
373,uturoa,-16.7333,-151.4333,27.05,69,66,9.31,PF,1686586644
374,coquimbo,-29.9533,-71.3436,11.85,71,20,4.12,CL,1686586713
375,san luis de la loma,17.2706,-100.8939,31.68,55,61,2.5,MX,1686586713
376,ostersund,63.1792,14.6357,22.25,30,0,2.06,SE,1686586601
377,shimoda,34.6667,138.95,21.17,93,86,5.31,JP,1686586714
378,polyarnyy,69.1989,33.4478,17.72,38,98,5.61,RU,1686586714
379,pacific grove,36.6177,-121.9166,16.9,79,100,4.02,US,1686586714
380,suntar,62.1444,117.6319,4.05,69,4,0.73,RU,1686586714
381,enriquillo,17.9,-71.2333,30.82,67,6,6.5,DO,1686586714
382,bovalino,38.149,16.174,24.94,70,99,2.4,IT,1686586714
383,anshun,26.25,105.9333,15.71,84,100,0.61,CN,1686586439
384,torres,-29.3353,-49.7269,13.79,54,79,5.48,BR,1686586457
385,yarkovo,57.4028,67.0786,10.82,54,64,2.18,RU,1686586714
386,didwana,27.4,74.5667,37.07,26,0,4.2,IN,1686586714
387,maribo,54.7766,11.5002,20.53,54,1,6.45,DK,1686586714
388,saint-pierre,-21.3393,55.4781,23.82,78,100,2.06,RE,1686586650
389,sal rei,16.1833,-22.9167,28.11,69,20,8.23,CV,1686586714
390,cill airne,52.05,-9.5167,20.03,68,40,3.09,IE,1686586714
391,auna,10.1881,4.7232,28.06,68,94,1.04,NG,1686586715
392,launceston,-41.45,147.1667,8.97,96,40,0.0,AU,1686586715
393,cam ranh,11.9214,109.1591,29.98,66,20,2.57,VN,1686586715
394,port hedland,-20.3167,118.5667,17.03,63,1,0.0,AU,1686586524
395,manokwari,-0.8667,134.0833,25.19,88,100,2.75,ID,1686586669
396,sitka,57.0531,-135.33,10.94,71,75,1.54,US,1686586649
397,hats'avan,39.4641,45.9705,16.98,75,7,2.82,AM,1686586715
398,ust-nera,64.5667,143.2,14.06,94,100,2.94,RU,1686586643
399,chust,41.0094,71.2287,27.66,36,100,1.7,UZ,1686586715
400,tulun,54.5611,100.5792,11.02,88,100,1.53,RU,1686586715
401,lagonegro,40.1283,15.7615,18.18,82,69,1.72,IT,1686586715
402,dalandzadgad,43.5708,104.425,22.06,21,11,5.74,MN,1686586638
403,vadso,70.0744,29.7487,19.49,36,0,4.12,NO,1686586665
404,sandnessjoen,66.0217,12.6316,17.29,93,75,5.36,NO,1686586715
405,mormugao,15.4,73.8,28.09,80,34,5.8,IN,1686586715
406,al kharijah,25.4514,30.5464,39.55,14,1,5.48,EG,1686586646
407,howrah,22.5892,88.3103,29.0,74,75,2.57,IN,1686586588
408,warka,51.7843,21.1909,20.93,56,76,6.25,PL,1686586716
409,upata,8.0086,-62.3989,29.55,72,17,2.55,VE,1686586716
410,wilhelmsburg,48.1057,15.6054,20.62,57,25,4.41,AT,1686586716
411,luau,-10.7073,22.2247,25.42,30,27,1.73,AO,1686586653
412,kolyvan',55.3053,82.7391,14.77,94,58,2.68,RU,1686586716
413,copala,16.65,-98.9833,31.44,57,99,2.43,MX,1686586651
414,aitape,-3.1374,142.3475,25.85,88,69,2.4,PG,1686586716
415,rikaze,29.25,88.8833,15.55,40,57,3.5,CN,1686586654
416,la libertad,-2.2333,-80.9,27.81,83,20,3.09,EC,1686586520
417,extrema,-22.8547,-46.3183,24.46,43,0,3.16,BR,1686586716
418,suva,-18.1416,178.4415,21.71,94,75,1.54,FJ,1686586716
419,santa margherita ligure,44.3346,9.212,27.49,69,59,0.45,IT,1686586716
420,nouadhibou,20.931,-17.0347,25.99,61,0,9.77,MR,1686586635
421,igrim,63.1906,64.4162,9.54,45,56,2.97,RU,1686586716
422,puerto colombia,10.9878,-74.9547,32.05,71,4,3.53,CO,1686586716
423,pangody,65.85,74.4859,2.33,97,100,9.38,RU,1686586717
424,podgorica,42.4411,19.2636,25.72,60,0,3.09,ME,1686586532
425,les cayes,18.2,-73.75,29.57,72,58,6.68,HT,1686586717
426,morehead city,34.7229,-76.726,29.01,85,100,7.72,US,1686586628
427,masterton,-40.9597,175.6575,4.54,97,4,1.27,NZ,1686586717
428,city of isabela,6.7085,121.9711,26.41,85,6,1.27,PH,1686586717
429,kirensk,57.7853,108.1119,5.94,77,2,2.65,RU,1686586717
430,marsa alam,25.0757,34.8918,30.71,48,0,0.69,EG,1686586717
431,lazaro cardenas,17.9583,-102.2,30.34,54,11,2.04,MX,1686586651
432,chengde,40.9725,117.9361,13.75,76,62,1.26,CN,1686586717
433,krivosheino,57.3431,83.9261,8.19,95,23,1.98,RU,1686586717
434,andkhoy,36.9529,65.1238,34.42,16,1,3.42,AF,1686586717
435,newman,37.3138,-121.0208,20.13,68,72,1.34,US,1686586650
436,ilhabela,-23.7781,-45.3581,24.56,73,3,1.92,BR,1686586717
437,alofi,-19.0595,-169.9187,22.94,88,100,2.06,NU,1686586523
438,vila velha,-20.3297,-40.2925,28.97,70,0,6.69,BR,1686586718
439,tejen,37.3834,60.5054,33.31,8,1,4.18,TM,1686586718
440,acarau,-2.8856,-40.12,28.62,71,42,5.6,BR,1686586594
441,worland,44.0169,-107.9554,19.26,75,0,2.06,US,1686586718
442,sur,22.5667,59.5289,31.9,57,100,3.4,OM,1686586645
443,cabedelo,-6.9811,-34.8339,29.37,76,19,6.46,BR,1686586718
444,caluula,11.9661,50.7569,31.59,69,42,3.04,SO,1686586718
445,kijang,35.2442,129.2139,20.85,93,14,1.66,KR,1686586718
446,port macquarie,-31.4333,152.9167,9.94,87,31,3.02,AU,1686586658
447,pachino,36.7186,15.0907,23.79,74,13,5.97,IT,1686586718
448,berdigestyakh,62.0989,126.6992,5.05,62,98,4.81,RU,1686586718
449,conde,-7.2597,-34.9075,28.7,70,75,7.72,BR,1686586718
450,carauari,-4.8828,-66.8958,31.17,62,20,1.47,BR,1686586718
451,nova venecia,-18.7106,-40.4006,30.62,43,0,2.64,BR,1686586718
452,mitsamiouli,-11.3847,43.2844,26.17,64,2,3.77,KM,1686586719
453,al jawf,29.5,38.75,33.35,16,5,1.5,SA,1686586669
454,khandyga,62.6667,135.6,10.21,57,100,3.15,RU,1686586719
455,oroqen zizhiqi,50.5667,123.7167,15.69,68,36,1.39,CN,1686586719
456,acajutla,13.5928,-89.8275,30.22,70,86,1.88,SV,1686586719
457,san carlos del zulia,9.0,-71.9135,33.27,54,52,2.51,VE,1686586719
458,jayapura,-2.5333,140.7,25.66,91,100,2.42,ID,1686586051
459,papao,-17.75,-149.55,22.82,73,33,8.3,PF,1686586650
460,tahoua,14.8888,5.2692,34.99,43,40,5.14,NE,1686586719
461,sarangani,5.4033,125.4636,28.87,70,69,1.95,PH,1686586719
462,chipata,-13.6333,32.65,19.97,39,26,0.52,ZM,1686586386
463,nagqu,31.5,92.0,5.7,79,100,2.73,CN,1686586669
464,tadine,-21.55,167.8833,20.05,72,43,5.19,NC,1686586719
465,blackwater,-23.5833,148.8833,15.28,81,5,2.71,AU,1686586720
466,pauini,-7.7136,-66.9764,25.97,86,100,0.04,BR,1686586720
467,luanda,-8.8368,13.2343,25.0,73,75,5.66,AO,1686586662
468,chokwe,-24.5333,32.9833,23.64,36,0,3.21,MZ,1686586720
469,nuku'alofa,-21.1333,-175.2,19.19,94,20,1.03,TO,1686586720
470,lagunas,-5.2269,-75.6753,31.51,58,21,1.01,PE,1686586720
471,togur,58.3631,82.8265,9.36,81,22,2.65,RU,1686586720
472,cuenca,-2.8833,-78.9833,18.07,68,75,3.09,EC,1686586720
473,seven pagodas,12.6264,80.1722,32.25,65,56,5.23,IN,1686586720
474,charters towers,-20.1,146.2667,18.24,88,93,4.86,AU,1686586720
475,makokou,0.5738,12.8642,25.62,86,87,1.01,GA,1686586720
476,barra do bugres,-15.0725,-57.1811,26.3,68,83,1.58,BR,1686586720
477,urengoy,65.9667,78.3667,6.5,85,98,7.53,RU,1686586720
478,tamanrasset,22.785,5.5228,35.95,12,40,8.23,DZ,1686586661
479,pangkalanbuun,-2.6833,111.6167,24.18,98,99,1.24,ID,1686586721
480,puno,-15.8333,-70.0333,11.76,22,5,2.34,PE,1686586665
481,chilecito,-29.1619,-67.4974,8.21,35,97,2.98,AR,1686586721
482,funafuti,-8.5243,179.1942,29.0,89,40,5.14,TV,1686586721
483,kabompo,-13.5927,24.2008,22.89,31,20,0.85,ZM,1686586721
484,ebon,4.582,168.6964,26.52,87,100,6.03,MH,1686586658
485,toba,34.4833,136.85,21.0,93,100,4.73,JP,1686586721
486,chake chake,-5.2459,39.7666,24.68,77,30,4.25,TZ,1686586721
487,cahul,45.9075,28.1944,17.44,67,99,7.03,MD,1686586721
488,alice springs,-23.7,133.8833,8.75,57,40,1.54,AU,1686586721
489,geraldton,-28.7667,114.6,9.23,93,0,0.0,AU,1686586721
490,monte alegre,-2.0078,-54.0692,31.29,57,0,1.95,BR,1686586721
491,gaspe,48.8334,-64.4819,21.12,56,20,6.17,CA,1686586442
492,castillos,-34.1667,-53.8333,12.47,46,2,5.7,UY,1686586722
493,bassar,9.25,0.7833,24.85,84,100,2.03,TG,1686586722
494,bulle,46.6195,7.0567,25.37,44,97,3.13,CH,1686586722
495,fairview,40.8126,-73.999,26.08,74,20,8.23,US,1686586450
496,darwin,-12.4611,130.8418,22.16,88,21,0.51,AU,1686586665
497,dumas,35.8656,-101.9732,18.12,77,0,3.6,US,1686586722
498,kalevala,65.2,31.1667,20.76,42,93,5.34,RU,1686586722
499,kerikeri,-35.2268,173.9474,8.28,94,4,2.84,NZ,1686586722
500,dhidhdhoo,6.8833,73.1,28.93,79,100,7.83,MV,1686586722
501,rio grande,-32.035,-52.0986,12.06,48,0,6.57,BR,1686586654
502,fada,9.5667,8.3,23.74,83,91,2.51,NG,1686586722
503,cheremshan,54.6667,51.5,12.53,63,100,2.98,RU,1686586722
504,saint-georges,12.0564,-61.7485,28.42,77,8,7.38,GD,1686586134
505,aykhal,66.0,111.5,6.88,57,39,3.87,RU,1686586668
506,qianzhou,28.3167,109.7167,21.35,83,100,1.0,CN,1686586722
507,warrnambool,-38.3833,142.4833,12.08,71,96,8.96,AU,1686586723
508,karatau,43.1667,70.4667,24.82,16,97,5.42,KZ,1686586723
509,ocean city,39.2776,-74.5746,28.34,76,96,3.13,US,1686586585
510,tavrichanka,43.3378,131.8639,13.92,99,100,1.83,RU,1686586723
511,denia,38.8408,0.1057,25.47,74,100,3.13,ES,1686586723
512,lubao,14.9167,120.55,27.04,91,99,2.35,PH,1686586723
513,merizo village,13.2658,144.6691,28.31,94,100,6.06,GU,1686586660
514,harrisonburg,38.4496,-78.8689,21.23,91,100,4.12,US,1686586077
515,beira,-19.8436,34.8389,22.9,81,0,4.42,MZ,1686586723
516,nyurba,63.2842,118.3319,4.37,70,3,0.68,RU,1686586646
517,utrik,11.2278,169.8474,27.61,80,70,9.03,MH,1686586641
518,uliastay,47.7417,96.8444,16.68,57,93,1.23,MN,1686586723
519,martapura,-3.4167,114.85,26.05,100,44,0.51,ID,1686586666
520,axim,4.8699,-2.2405,27.54,64,95,3.23,GH,1686586648
521,dudinka,69.4058,86.1778,10.85,64,65,5.32,RU,1686586652
522,birnin kudu,11.4459,9.4984,30.12,48,81,4.17,NG,1686586723
523,yerofey pavlovich,53.9667,121.9667,16.68,69,100,3.25,RU,1686586723
524,chato,-2.6378,31.7669,22.84,55,38,3.25,TZ,1686586724
525,torrington,41.8007,-73.1212,25.96,75,96,1.34,US,1686586724
526,oblivskaya,48.5362,42.5014,21.49,69,100,4.2,RU,1686586724
527,zakamensk,50.3741,103.2863,15.68,87,99,0.99,RU,1686586724
528,gamba,-2.65,10.0,25.13,81,32,3.94,GA,1686586724
529,bonthe,7.5264,-12.505,26.22,84,100,4.7,SL,1686586724
530,tofol,5.3248,163.0078,28.79,76,100,7.79,FM,1686586724
531,oyon,-10.6681,-76.7731,13.71,49,72,1.65,PE,1686586724
532,kodinsk,58.6881,99.1844,10.77,58,100,1.84,RU,1686586724
533,mombetsu,44.3525,143.3525,13.4,93,26,1.06,JP,1686586724
534,zouerate,22.7187,-12.4521,36.01,14,16,4.84,MR,1686586724
535,sa kaeo,13.75,102.3333,24.6,97,100,2.26,TH,1686586724
536,smithers,54.7804,-127.1743,15.18,58,75,2.06,CA,1686586559
537,chuzhou,32.3219,118.2978,22.48,71,81,3.34,CN,1686586724
538,queenstown,-31.8976,26.8753,11.47,53,63,8.8,ZA,1686586725
539,harrodsburg,37.7623,-84.8433,20.14,80,100,3.73,US,1686586725
540,xining,36.6167,101.7667,10.02,85,51,0.97,CN,1686586725
541,dingcheng,32.1272,115.0394,26.43,62,92,1.82,CN,1686586725
542,fale old settlement,-9.3852,-171.2468,28.28,78,63,6.18,TK,1686586670
543,mossel bay,-34.1831,22.146,12.96,68,82,11.08,ZA,1686586638
544,dehui,44.5333,125.7,15.92,72,92,2.05,CN,1686586725
545,ciudad lazaro cardenas,17.9583,-102.2,30.34,54,11,2.04,MX,1686586725
546,sanming,26.2486,117.6186,24.34,79,78,0.84,CN,1686586426
547,fuglafjordur,62.244,-6.814,12.26,71,1,1.71,FO,1686586726
548,lib,8.3122,167.3766,28.18,79,93,8.79,MH,1686586726
549,callaway,30.153,-85.5699,29.99,75,40,6.69,US,1686586726
550,khargapur,24.823,79.144,38.79,21,78,4.52,IN,1686586726
551,tchintabaraden,15.8969,5.7985,36.54,30,77,2.14,NE,1686586726
552,al artawiyah,26.5053,45.3444,36.94,10,0,5.44,SA,1686586727
553,mulayjah,27.271,48.4242,40.99,11,2,2.76,SA,1686586728
554,halifax,44.6453,-63.5724,27.6,36,75,4.63,CA,1686586556
555,bossangoa,6.4926,17.4552,23.43,89,100,1.8,CF,1686586728
556,el obeid,13.1842,30.2167,35.36,27,32,0.91,SD,1686586728
557,senanga,-16.1167,23.2667,24.42,22,10,2.1,ZM,1686586728
558,rancho palos verdes,33.7445,-118.387,19.52,86,75,3.09,US,1686586728
559,yakeshi,49.2833,120.7333,16.02,64,25,1.32,CN,1686586728
560,fort bragg,35.139,-79.006,28.23,71,75,6.17,US,1686586642
561,mhamid,29.82,-5.72,39.24,8,0,4.72,MA,1686586728
562,athens,37.9795,23.7162,25.78,65,75,2.24,GR,1686586379
563,mojo,8.6,39.1167,23.29,44,100,0.61,ET,1686586729
564,susuman,62.7833,148.1667,14.97,67,100,1.99,RU,1686586649
565,campanario,38.8644,-5.6174,28.57,27,100,4.2,ES,1686586729
566,poronaysk,49.2167,143.1167,8.26,99,100,2.54,RU,1686586642
567,pithoro,25.5167,69.3833,35.91,38,7,8.61,PK,1686586729
568,tolanaro,-25.0319,46.9987,20.32,89,19,2.42,MG,1686586659
569,wildwood,38.5828,-90.6629,20.17,58,75,5.36,US,1686586729
570,balkashino,52.5167,68.7667,13.8,55,29,3.73,KZ,1686586729
571,fort mcmurray,56.7268,-111.381,17.77,51,100,3.09,CA,1686586638
572,mumford,5.2618,-0.759,27.23,67,98,4.31,GH,1686586729
573,san lucas ojitlan,18.0667,-96.3833,33.54,58,15,1.65,MX,1686586730
574,aparecida de goiania,-16.8233,-49.2439,30.48,30,7,1.16,BR,1686586730
575,thunder bay,48.4001,-89.3168,18.99,39,40,4.12,CA,1686586631
576,cacoal,-11.4386,-61.4472,30.99,61,30,1.07,BR,1686586730
577,zavodskoy,43.4597,132.2922,13.77,100,100,2.0,RU,1686586730
578,moyynkum,44.2914,72.9469,26.47,12,69,8.66,KZ,1686586730
579,wapato,46.4476,-120.4203,27.52,47,0,2.06,US,1686586730
580,callao,-12.0667,-77.15,24.16,57,40,6.69,PE,1686586730
581,mangai,-4.05,19.5333,26.99,67,100,1.45,CD,1686586647
582,tezu,27.9167,96.1667,24.69,87,79,1.48,IN,1686586730
583,uacu cungo,-11.3634,15.1208,26.24,27,4,0.54,AO,1686586730
584,port saint john's,-31.6229,29.5448,18.69,58,51,4.08,ZA,1686586670
585,songea,-10.6833,35.65,18.37,65,85,1.65,TZ,1686586731
